0,1,2,3,4,5,6,7,8,9
be3e8d07,3e1318b9,bf2287c2,bdc22e1e,bf176420,3ef1dbf3,3e007bc7,bee68caf,bd98db58,be884f0d
be2368be,3e75249c,3d3f3638,3e3b5e8e,be28a70c,be57624a,3e8c46e6,bebe4ee0,3e9a53cc,bd032210
3e3bcfba,be5da35f,3e7e3677,3d305678,3e80fa91,3e58cb67,bec2a236,be104ccd,bc945893,3e904447
3e876e78,3ddb649f,be40bed8,bde79abe,3d58dc41,3e1b943b,3e3953da,be2e3694,be932078,bf203588
bf961ef3,bcd3cf6e,bec64680,3e78f103,be1ac49c,be2a317b,bf3a1486,bf08c067,3d519913,3f1b3c39
3ebbadad,3e0308e8,3e8310ca,bc9dc660,bf324c1d,bea77309,beb7edde,3dbd1ee8,bdf47f96,3e4f1cdf
bf080a2d,bea799ac,3e80a922,3e7f2dfa,bf270910,3e9b608b,3e0b56f1,be8d2316,3db94186,3dd94ddb
3e7cd425,3ea2c17b,3e39ee52,3e0cbd7d,beae16c4,3e23dad2,beb7a4eb,be4bf38b,be7084f8,3eb1ba3b
3e9132b5,3ed2e022,3eb8513a,3ec92e30,bf221534,bf41b8c0,be37f003,3ec65473,bdb75643,3e3eedc3
3e9c120c,be15e418,be107a07,3cf55f03,be876d47,bdc7db68,bea4cff9,bec1dcca,3e3c33c7,be210703
beff5f60,be4d8380,3f118c92,3e1c49fb,bf6d9f1c,be335a1c,bf2db129,3e9977ea,be8aeb5c,be82d8ce
bea64b13,3e9c6118,be89f2d0,bdd403ce,be9334d0,be57772f,be383708,bd1c7e2f,3e820e29,3e27f406
3ba10bc9,beaa277c,bea288c9,bed9d5d6,3e5e7d15,3e37806a,3eefae68,3e9addd3,bf2b5dc5,3e956c31
bf21aa97,bf217914,bdf4fbc6,3ed9be35,3e01e9fa,3ee7e752,bf73a689,3db54642,beb1deba,3e753451
3dcb895f,be11d7a8,3e95196f,3e9c2603,bdac2ea0,3e89b9d8,be82e926,bf4a7be3,bcad600f,bdc87aab
3ed504c2,be412217,3eaeb39a,be487eca,beb20cb0,3ea60682,be849f76,be880800,beabe320,bea9de65
3dc74205,bd857711,3e9fef23,3e04d058,bf37ba7a,be6754ff,be5e3092,bec48878,3e3d43e4,be38b7ef
bf83378e,3e8a8771,3eeb319a,bed81695,bf05ed1c,3f150ad3,3d6c198a,3e2ba00a,be824649,bea3081c
3bdd68ee,3d03a03d,3e22eeb5,be32bd3b,3d9a27cf,bf5bd1dc,3eb27f10,bf0a1e9e,bc6db5eb,3ec714ef
3ead1238,bede0f32,3d59bc94,bd7fe36a,3d425ea4,be7567f2,bee2c444,3eab3e81,be80072f,3eacf8f9
be834c28,beb7fe8f,bee46f16,3dd9f390,3e446446,3e9e647f,be9f97e1,3e02d641,be3a8e04,bd5795c6
3e969a4f,bf16610b,3e93f9de,be925cd5,3ec580d8,beacdd86,3e383af5,bf37b6b8,beca1676,3d80834a
3ea869c9,3f18db97,beb9d0c8,bf18ccd4,3e58e725,bdd20e80,3e72f085,3c955f31,bf04c434,3ec22a67
bdc22f3f,3d480074,3eb5fd07,bd45df3d,3e91a042,bd98b845,3e7480b9,bf08a797,bd8539df,bf2a2115
bea36b32,3ea79f34,3e0cebec,3e842a37,be801b6c,bdb26801,3db10c06,3e397bb5,3e4b5461,bf53dd67
be1b12fc,bc0c59eb,3f1906ed,bea7f822,3e11168d,3da4725a,3e5c8190,3f0a3685,bdcb583b,bf5b037a
be85736f,3f005194,3d42d809,3ebff0d5,3e03dcbc,bf81d7e7,bee71fca,3e95efaf,beada7cd,be915585
bec66146,beeb9a87,3e918b2e,be48268a,3cc7137f,3dca94fe,3eb22b3e,be0685c5,3ecb7f49,3e8e4d7d
be958810,beb05ca1,3ed9c982,bc905f55,bf128a40,bf43e0ef,3db8cbd4,3f15efcb,3ca060b2,bf028400
bdf8a8b4,3f2a2bf0,bebb3794,3bcd50f3,bf01b314,3decf5d3,3e906bc1,3ed98dbc,bebbd8ff,3e59ecb6
3e981f36,3ba96504,bf0fdd46,bf20875b,bd3c3bdd,3e157fff,3e600578,3e999f97,3e8404e5,3c6f3937
3e8e64c2,bef1b79f,3c82f847,3da3c901,3e4d7395,3d1281c0,bd09b270,3e609a88,3cc52b70,be59a304
beb2128e,bf1dd5b2,3e677c4f,bf46eb11,3ef7a40c,3eb8abb6,be900081,bef1d7c0,3efb84ca,bef06a05
3ea42653,be9a9fb7,3e1f8d21,bed3d334,3e4ac722,3d061aba,3e89e712,beca3d18,3eb79c4b,be5c1e57
be7611e6,3d82baf5,be253f0a,3c98efc4,be87ef8f,3e7ba712,3e64f579,bf1d065d,3dac9efc,3d145eec
3d931550,3e0a9806,3e6d22d0,bccbfe93,3e66877f,bf33b230,bf59794a,3e031f7c,be483ac1,bc962b4b
be8bc635,3f130013,bde35fbb,bf2f806e,3ef0971c,3eb7d4ad,bf030a53,3da08b6f,3e4ddb04,3be844e7
bed214ee,3f12f0f5,be78a07c,bf244e2c,bde5c1f6,3dac27e2,be82f4a9,3eb232f7,bea3030e,bea3bbe1
3dc87bd9,be220a4f,be7ff07c,be6aae5c,bdc8163f,bedb6fad,3e670d51,bd9736eb,bf7bbbdf,3e3a6004
bde44cb8,beb0f967,3e147d60,3d898eb9,3e8eb53c,3e6dbd36,3e900484,3e87a920,bf7e3154,3eaea94d
be252923,3dcc7c56,bf7d47b7,3e13fd09,3ec737d3,3e99f51b,bf121e17,be51c536,3e45f349,3eaa4aed
bea6116d,bce4e3b3,bdf1550f,bea4be23,3e8d2feb,be8705fb,ba91210b,bd8e7221,3eb74626,3c6296bd
3e2ba28d,bf10dd3c,3ec5a17e,be80750e,3e95d8f6,3dfd5c30,3e783317,3eb7c757,3c574da1,bf338d9f
be1a00de,3e13e865,be163b22,3d23eb7c,be110b6a,3e94d097,3c2b6060,3cff85ae,3e59fe18,3d586475
bed68f54,3eae7a6e,3d31a81b,3eb8dd7c,3d7b47c1,bdb0be34,3e5d6560,be84a094,bec876a5,bdc427a8
3eb3639b,befe72e6,be2444f5,be2519b8,be98db2a,be75970c,3eaccfda,be2b3dac,be1259cb,3d0c3033
be962c7d,bea2d6cf,3e40f07c,3e7dc267,3def2841,bd989f70,3cba9af6,bed5aa20,bca6b87b,3dbbec23
bee8e085,3e9d9acc,3d8010b4,3eae3bff,3e2d289b,bef0e112,bf283ab9,3e972149,3cde5ec5,be825616
bef1caf3,3e0a54d1,bc4c4c00,bf04bf5d,3e879191,bd3ef1fa,bb46109c,3dbe64e6,3e280fd4,3df213e3
be54d4e4,bec3937c,3ce33e21,3e9bcbdc,3ea26c48,bed5ddbd,be5042d5,3eaa2d0c,3e9760d8,3e8514a3
bda57833,bf37c85f,bf379cd3,befadad4,3d3a6d3e,3f0ce0f4,be1de542,3ec8a7b4,3e53a83e,beaf66d4
3d563213,bec59cd2,bda1c0ad,3e50d8b1,beee1bfa,3d17a66c,be0aa3cb,3e8b1394,3e775e32,3e08f511
3dff4c82,bebbba56,beaf0d18,3eb6eca4,bd21da55,3a75c690,3e2bf9a1,bdb0aee3,3e2e5ce2,be2cf393
3e3881dc,bebed4eb,3e9a97db,3db1addf,3e463b55,3e95ba2c,bee2c17d,3e803675,3e13da40,3e32c9ea
3ea8c0d5,bd67c451,bedbdfbd,bd4f2c13,3ea4d6bd,beac04f0,bc83ace0,be939a90,3d5cd8e5,bb4e8991
be7ecd9b,3eaeb96e,be94cdb1,be0ad051,3eb25737,bf08f8bc,3e912697,3e6bd4a8,be53cd2d,3ccadfce
3e37782a,befd6637,3cc316b7,3e1e6b32,bd65379c,3dc81ad0,bea241be,3e8c70fe,3e7786d3,bdc42429
3e157551,3e7aba40,3eaaea71,bf2421ba,3e3896fa,3efcbddc,3df087eb,3dfb891d,be8934f4,be054fa0
bdbdfcf7,be9b2c74,3eacc299,bd68efcd,be3a8304,be11177d,bc741a55,befd2ca9,3e63992b,3e82426d
bea5389a,3e7164ed,bea0d55b,3e069db2,bf830936,3f14dd6e,bce531a7,bee8409e,bf3c44b5,be2d50c5
beaf5696,3e915b1d,3e80616c,3e5f6432,bf13b343,3ee6929b,3abbf866,3ed8cb87,bdbc36cc,bf4d1a9f
3df08530,3e008a3d,be6986cb,3e8ba6c1,bf1eab27,be5586ab,3eb7dd2a,3e08da91,bb94f6cc,be8a9604
be891c29,bf04ba5f,bf21f22b,3f03db9a,3e6f312d,3e18c9b9,bee7d05e,be9c108c,3ce04f8a,3e4d8df2
beeafa88,bd87f6ad,3d6f6826,be93683f,bf7428e0,3edce707,3e601644,3e44c269,bdc24224,3db898f3
